,id,name,price,colour,colourWayId,brandName,hasVariantColours,hasMultiplePrices,groupId,productCode,productType,url,imageUrl,videoUrl,isSellingFast,PAGE_URL_COMPLETE
0,14204622,ASOS 4505 slim fit color block long sleeve top,"{'current': {'value': 40.0, 'text': '$40.00'}, 'previous': {'value': None, 'text': ''}, 'rrp': {'value': None, 'text': ''}, 'isMarkedDown': False, 'isOutletPrice': False, 'currency': 'USD'}",,16599262,ASOS 4505,False,False,,1625122,Product,asos-4505/asos-4505-slim-fit-color-block-long-sleeve-top/prd/14204622?colourwayid=16599262,images.asos-media.com/products/asos-4505-slim-fit-color-block-long-sleeve-top/14204622-1-black,,False,www.asos.com/usasos-4505/asos-4505-slim-fit-color-block-long-sleeve-top/prd/14204622?colourwayid=16599262
1,20137238,Missguided tie waist shirt in sage green,"{'current': {'value': 40.0, 'text': '$40.00'}, 'previous': {'value': None, 'text': ''}, 'rrp': {'value': None, 'text': ''}, 'isMarkedDown': False, 'isOutletPrice': False, 'currency': 'USD'}",,60011628,Missguided,False,False,,1696553,Product,missguided/missguided-tie-waist-shirt-in-sage-green/prd/20137238?colourwayid=60011628,images.asos-media.com/products/missguided-tie-waist-shirt-in-sage-green/20137238-1-green,,False,www.asos.com/usmissguided/missguided-tie-waist-shirt-in-sage-green/prd/20137238?colourwayid=60011628
2,20555747,ASOS DESIGN mesh square neck body in renaissance print,"{'current': {'value': 40.0, 'text': '$40.00'}, 'previous': {'value': None, 'text': ''}, 'rrp': {'value': None, 'text': ''}, 'isMarkedDown': False, 'isOutletPrice': False, 'currency': 'USD'}",,60063973,ASOS DESIGN,False,False,,1731178,Product,asos-design/asos-design-mesh-square-neck-body-in-renaissance-print/prd/20555747?colourwayid=60063973,images.asos-media.com/products/asos-design-mesh-square-neck-body-in-renaissance-print/20555747-1-multi,,False,www.asos.com/usasos-design/asos-design-mesh-square-neck-body-in-renaissance-print/prd/20555747?colourwayid=60063973
3,20655522,Missguided Plus high neck smock top in white,"{'current': {'value': 35.0, 'text': '$35.00'}, 'previous': {'value': None, 'text': ''}, 'rrp': {'value': None, 'text': ''}, 'isMarkedDown': False, 'isOutletPrice': False, 'currency': 'USD'}",,60076467,Missguided Plus,False,False,,1738630,Product,missguided-plus/missguided-plus-high-neck-smock-top-in-white/prd/20655522?colourwayid=60076467,images.asos-media.com/products/missguided-plus-high-neck-smock-top-in-white/20655522-1-white,,False,www.asos.com/usmissguided-plus/missguided-plus-high-neck-smock-top-in-white/prd/20655522?colourwayid=60076467
4,20670594,Pull&Bear padded shoulder tank in white,"{'current': {'value': 27.0, 'text': '$27.00'}, 'previous': {'value': None, 'text': ''}, 'rrp': {'value': None, 'text': ''}, 'isMarkedDown': False, 'isOutletPrice': False, 'currency': 'USD'}",,60077941,Pull&Bear,False,False,,1739883,Product,pullbear/pullbear-padded-shoulder-tank-in-white/prd/20670594?colourwayid=60077941,images.asos-media.com/products/pullbear-padded-shoulder-tank-in-white/20670594-1-white,,False,www.asos.com/uspullbear/pullbear-padded-shoulder-tank-in-white/prd/20670594?colourwayid=60077941
5,20791524,In The Style x Lorna Luxe peplum hem open back top in white,"{'current': {'value': 48.0, 'text': '$48.00'}, 'previous': {'value': None, 'text': ''}, 'rrp': {'value': None, 'text': ''}, 'isMarkedDown': False, 'isOutletPrice': False, 'currency': 'USD'}",,60088239,In The Style,False,False,,1749645,Product,in-the-style/in-the-style-x-lorna-luxe-peplum-hem-open-back-top-in-white/prd/20791524?colourwayid=60088239,images.asos-media.com/products/in-the-style-x-lorna-luxe-peplum-hem-open-back-top-in-white/20791524-1-white,,False,www.asos.com/usin-the-style/in-the-style-x-lorna-luxe-peplum-hem-open-back-top-in-white/prd/20791524?colourwayid=60088239
6,20813765,ASOS DESIGN rib bodysuit with bust seams and long sleeve in blue,"{'current': {'value': 32.0, 'text': '$32.00'}, 'previous': {'value': None, 'text': ''}, 'rrp': {'value': None, 'text': ''}, 'isMarkedDown': False, 'isOutletPrice': False, 'currency': 'USD'}",,60090868,ASOS DESIGN,False,False,,1751410,Product,asos-design/asos-design-rib-bodysuit-with-bust-seams-and-long-sleeve-in-blue/prd/20813765?colourwayid=60090868,images.asos-media.com/products/asos-design-rib-bodysuit-with-bust-seams-and-long-sleeve-in-blue/20813765-1-blue,,False,www.asos.com/usasos-design/asos-design-rib-bodysuit-with-bust-seams-and-long-sleeve-in-blue/prd/20813765?colourwayid=60090868
7,20850197,ASOS DESIGN Curve crop top with thumbhole in rib in black,"{'current': {'value': 19.0, 'text': '$19.00'}, 'previous': {'value': None, 'text': ''}, 'rrp': {'value': None, 'text': ''}, 'isMarkedDown': False, 'isOutletPrice': False, 'currency': 'USD'}",,60094258,ASOS Curve,False,False,,1754538,Product,asos-curve/asos-design-curve-crop-top-with-thumbhole-in-rib-in-black/prd/20850197?colourwayid=60094258,images.asos-media.com/products/asos-design-curve-crop-top-with-thumbhole-in-rib-in-black/20850197-1-black,,False,www.asos.com/usasos-curve/asos-design-curve-crop-top-with-thumbhole-in-rib-in-black/prd/20850197?colourwayid=60094258
8,29821,Missguided match it back set in gray,"{'current': {'value': 42.0, 'text': '$42.00'}, 'previous': {'value': None, 'text': ''}, 'rrp': {'value': None, 'text': ''}, 'isMarkedDown': False, 'isOutletPrice': False, 'currency': 'USD'}",,0,Missguided,False,True,29821.0,1738024,MixMatchGroup,missguided/missguided-match-it-back-set-in-gray/grp/29821,images.asos-media.com/groups/missguided-match-it-back-set-in-gray/29821-group-1,,False,www.asos.com/usmissguided/missguided-match-it-back-set-in-gray/grp/29821
9,20850204,ASOS DESIGN super crop top with thumbhole in rib in black,"{'current': {'value': 16.0, 'text': '$16.00'}, 'previous': {'value': None, 'text': ''}, 'rrp': {'value': None, 'text': ''}, 'isMarkedDown': False, 'isOutletPrice': False, 'currency': 'USD'}",,60094268,ASOS DESIGN,False,False,,1754522,Product,asos-design/asos-design-super-crop-top-with-thumbhole-in-rib-in-black/prd/20850204?colourwayid=60094268,images.asos-media.com/products/asos-design-super-crop-top-with-thumbhole-in-rib-in-black/20850204-1-black,,False,www.asos.com/usasos-design/asos-design-super-crop-top-with-thumbhole-in-rib-in-black/prd/20850204?colourwayid=60094268
10,14728067,In the Style x Billie Faiers organza sleeve wrap top in white,"{'current': {'value': 40.0, 'text': '$40.00'}, 'previous': {'value': None, 'text': ''}, 'rrp': {'value': None, 'text': ''}, 'isMarkedDown': False, 'isOutletPrice': False, 'currency': 'USD'}",,16639454,In The Style,False,False,,1664767,Product,in-the-style/in-the-style-x-billie-faiers-organza-sleeve-wrap-top-in-white/prd/14728067?colourwayid=16639454,images.asos-media.com/products/in-the-style-x-billie-faiers-organza-sleeve-wrap-top-in-white/14728067-1-white,video.asos-media.com/products/in-the-style-x-billie-faiers-organza-sleeve-wrap-top-in-white/14728067-catwalk-AVS,False,www.asos.com/usin-the-style/in-the-style-x-billie-faiers-organza-sleeve-wrap-top-in-white/prd/14728067?colourwayid=16639454
11,14723242,ASOS DESIGN organza insert cami top in Ivory,"{'current': {'value': 26.0, 'text': '$26.00'}, 'previous': {'value': None, 'text': ''}, 'rrp': {'value': None, 'text': ''}, 'isMarkedDown': False, 'isOutletPrice': False, 'currency': 'USD'}",,16639086,ASOS DESIGN,False,False,,1664373,Product,asos-design/asos-design-organza-insert-cami-top-in-ivory/prd/14723242?colourwayid=16639086,images.asos-media.com/products/asos-design-organza-insert-cami-top-in-ivory/14723242-1-ivory,video.asos-media.com/products/asos-design-organza-insert-cami-top-in-ivory/14723242-catwalk-AVS,False,www.asos.com/usasos-design/asos-design-organza-insert-cami-top-in-ivory/prd/14723242?colourwayid=16639086
12,20512524,ASOS DESIGN wrap off shoulder crop top in tangerine,"{'current': {'value': 16.0, 'text': '$16.00'}, 'previous': {'value': None, 'text': ''}, 'rrp': {'value': None, 'text': ''}, 'isMarkedDown': False, 'isOutletPrice': False, 'currency': 'USD'}",,60060006,ASOS DESIGN,False,False,,1727850,Product,asos-design/asos-design-wrap-off-shoulder-crop-top-in-tangerine/prd/20512524?colourwayid=60060006,images.asos-media.com/products/asos-design-wrap-off-shoulder-crop-top-in-tangerine/20512524-1-tangerine,,False,www.asos.com/usasos-design/asos-design-wrap-off-shoulder-crop-top-in-tangerine/prd/20512524?colourwayid=60060006
13,14549667,ASOS DESIGN cropped zip through track top in black,"{'current': {'value': 26.0, 'text': '$26.00'}, 'previous': {'value': None, 'text': ''}, 'rrp': {'value': None, 'text': ''}, 'isMarkedDown': False, 'isOutletPrice': False, 'currency': 'USD'}",,16624893,ASOS DESIGN,False,False,,1650425,Product,asos-design/asos-design-cropped-zip-through-track-top-in-black/prd/14549667?colourwayid=16624893,images.asos-media.com/products/asos-design-cropped-zip-through-track-top-in-black/14549667-1-black,video.asos-media.com/products/asos-design-cropped-zip-through-track-top-in-black/14549667-catwalk-AVS,False,www.asos.com/usasos-design/asos-design-cropped-zip-through-track-top-in-black/prd/14549667?colourwayid=16624893
14,20848573,ASOS DESIGN high neck bodysuit with lettuce edge and half sleeve in white,"{'current': {'value': 23.0, 'text': '$23.00'}, 'previous': {'value': None, 'text': ''}, 'rrp': {'value': None, 'text': ''}, 'isMarkedDown': False, 'isOutletPrice': False, 'currency': 'USD'}",,60094121,ASOS DESIGN,False,False,,1754369,Product,asos-design/asos-design-high-neck-bodysuit-with-lettuce-edge-and-half-sleeve-in-white/prd/20848573?colourwayid=60094121,images.asos-media.com/products/asos-design-high-neck-bodysuit-with-lettuce-edge-and-half-sleeve-in-white/20848573-1-white,,False,www.asos.com/usasos-design/asos-design-high-neck-bodysuit-with-lettuce-edge-and-half-sleeve-in-white/prd/20848573?colourwayid=60094121
15,20849550,ASOS DESIGN Petite one shoulder crop top with lettuce hem in lilac gray,"{'current': {'value': 16.0, 'text': '$16.00'}, 'previous': {'value': None, 'text': ''}, 'rrp': {'value': None, 'text': ''}, 'isMarkedDown': False, 'isOutletPrice': False, 'currency': 'USD'}",,60094214,ASOS Petite,False,False,,1754479,Product,asos-petite/asos-design-petite-one-shoulder-crop-top-with-lettuce-hem-in-lilac-gray/prd/20849550?colourwayid=60094214,images.asos-media.com/products/asos-design-petite-one-shoulder-crop-top-with-lettuce-hem-in-lilac-gray/20849550-1-lilacgrey,,False,www.asos.com/usasos-petite/asos-design-petite-one-shoulder-crop-top-with-lettuce-hem-in-lilac-gray/prd/20849550?colourwayid=60094214
16,20988894,ASOS DESIGN cropped t-shirt with ruched sides in white,"{'current': {'value': 16.0, 'text': '$16.00'}, 'previous': {'value': None, 'text': ''}, 'rrp': {'value': None, 'text': ''}, 'isMarkedDown': False, 'isOutletPrice': False, 'currency': 'USD'}",,60131994,ASOS DESIGN,False,False,,1765512,Product,asos-design/asos-design-cropped-t-shirt-with-ruched-sides-in-white/prd/20988894?colourwayid=60131994,images.asos-media.com/products/asos-design-cropped-t-shirt-with-ruched-sides-in-white/20988894-1-white,,False,www.asos.com/usasos-design/asos-design-cropped-t-shirt-with-ruched-sides-in-white/prd/20988894?colourwayid=60131994
17,20276157,ASOS DESIGN Petite high neck halter open back bodysuit in white,"{'current': {'value': 16.0, 'text': '$16.00'}, 'previous': {'value': None, 'text': ''}, 'rrp': {'value': None, 'text': ''}, 'isMarkedDown': False, 'isOutletPrice': False, 'currency': 'USD'}",,60039429,ASOS Petite,False,False,,1708060,Product,asos-petite/asos-design-petite-high-neck-halter-open-back-bodysuit-in-white/prd/20276157?colourwayid=60039429,images.asos-media.com/products/asos-design-petite-high-neck-halter-open-back-bodysuit-in-white/20276157-1-white,,False,www.asos.com/usasos-petite/asos-design-petite-high-neck-halter-open-back-bodysuit-in-white/prd/20276157?colourwayid=60039429
18,20276165,ASOS DESIGN Petite high neck halter open back bodysuit in black,"{'current': {'value': 16.0, 'text': '$16.00'}, 'previous': {'value': None, 'text': ''}, 'rrp': {'value': None, 'text': ''}, 'isMarkedDown': False, 'isOutletPrice': False, 'currency': 'USD'}",,60039434,ASOS Petite,False,False,,1708058,Product,asos-petite/asos-design-petite-high-neck-halter-open-back-bodysuit-in-black/prd/20276165?colourwayid=60039434,images.asos-media.com/products/asos-design-petite-high-neck-halter-open-back-bodysuit-in-black/20276165-1-black,,False,www.asos.com/usasos-petite/asos-design-petite-high-neck-halter-open-back-bodysuit-in-black/prd/20276165?colourwayid=60039434
19,20849706,ASOS DESIGN Hourglass super crop tank with shaped hem in white,"{'current': {'value': 13.0, 'text': '$13.00'}, 'previous': {'value': None, 'text': ''}, 'rrp': {'value': None, 'text': ''}, 'isMarkedDown': False, 'isOutletPrice': False, 'currency': 'USD'}",,60094237,ASOS DESIGN,False,False,,1754498,Product,asos-design/asos-design-hourglass-super-crop-tank-with-shaped-hem-in-white/prd/20849706?colourwayid=60094237,images.asos-media.com/products/asos-design-hourglass-super-crop-tank-with-shaped-hem-in-white/20849706-1-white,,False,www.asos.com/usasos-design/asos-design-hourglass-super-crop-tank-with-shaped-hem-in-white/prd/20849706?colourwayid=60094237
20,20762650,ASOS DESIGN super oversized cut off t-shirt with wide sleeve in lilac,"{'current': {'value': 23.0, 'text': '$23.00'}, 'previous': {'value': None, 'text': ''}, 'rrp': {'value': None, 'text': ''}, 'isMarkedDown': False, 'isOutletPrice': False, 'currency': 'USD'}",,60085880,ASOS DESIGN,False,False,,1747419,Product,asos-design/asos-design-super-oversized-cut-off-t-shirt-with-wide-sleeve-in-lilac/prd/20762650?colourwayid=60085880,images.asos-media.com/products/asos-design-super-oversized-cut-off-t-shirt-with-wide-sleeve-in-lilac/20762650-1-lilac,,False,www.asos.com/usasos-design/asos-design-super-oversized-cut-off-t-shirt-with-wide-sleeve-in-lilac/prd/20762650?colourwayid=60085880
21,20804143,ASOS 4505 icon slightly cropped tank top,"{'current': {'value': 16.0, 'text': '$16.00'}, 'previous': {'value': None, 'text': ''}, 'rrp': {'value': None, 'text': ''}, 'isMarkedDown': False, 'isOutletPrice': False, 'currency': 'USD'}",,60089192,ASOS 4505,False,False,,1750616,Product,asos-4505/asos-4505-icon-slightly-cropped-tank-top/prd/20804143?colourwayid=60089192,images.asos-media.com/products/asos-4505-icon-slightly-cropped-tank-top/20804143-1-khaki,,False,www.asos.com/usasos-4505/asos-4505-icon-slightly-cropped-tank-top/prd/20804143?colourwayid=60089192
22,20847799,ASOS DESIGN long sleeve high neck crop top in black,"{'current': {'value': 19.0, 'text': '$19.00'}, 'previous': {'value': None, 'text': ''}, 'rrp': {'value': None, 'text': ''}, 'isMarkedDown': False, 'isOutletPrice': False, 'currency': 'USD'}",,60094085,ASOS DESIGN,False,False,,1754333,Product,asos-design/asos-design-long-sleeve-high-neck-crop-top-in-black/prd/20847799?colourwayid=60094085,images.asos-media.com/products/asos-design-long-sleeve-high-neck-crop-top-in-black/20847799-1-black,,False,www.asos.com/usasos-design/asos-design-long-sleeve-high-neck-crop-top-in-black/prd/20847799?colourwayid=60094085
23,20849715,ASOS DESIGN Hourglass super crop tank with shaped hem in black,"{'current': {'value': 13.0, 'text': '$13.00'}, 'previous': {'value': None, 'text': ''}, 'rrp': {'value': None, 'text': ''}, 'isMarkedDown': False, 'isOutletPrice': False, 'currency': 'USD'}",,60094240,ASOS DESIGN,False,False,,1754496,Product,asos-design/asos-design-hourglass-super-crop-tank-with-shaped-hem-in-black/prd/20849715?colourwayid=60094240,images.asos-media.com/products/asos-design-hourglass-super-crop-tank-with-shaped-hem-in-black/20849715-1-black,,False,www.asos.com/usasos-design/asos-design-hourglass-super-crop-tank-with-shaped-hem-in-black/prd/20849715?colourwayid=60094240
24,20656445,ASOS DESIGN Petite wrap top in rib in white,"{'current': {'value': 19.0, 'text': '$19.00'}, 'previous': {'value': None, 'text': ''}, 'rrp': {'value': None, 'text': ''}, 'isMarkedDown': False, 'isOutletPrice': False, 'currency': 'USD'}",,60076547,ASOS Petite,False,False,,1738716,Product,asos-petite/asos-design-petite-wrap-top-in-rib-in-white/prd/20656445?colourwayid=60076547,images.asos-media.com/products/asos-design-petite-wrap-top-in-rib-in-white/20656445-1-white,,False,www.asos.com/usasos-petite/asos-design-petite-wrap-top-in-rib-in-white/prd/20656445?colourwayid=60076547
25,20850198,ASOS DESIGN super crop top with thumbhole in rib in white,"{'current': {'value': 16.0, 'text': '$16.00'}, 'previous': {'value': None, 'text': ''}, 'rrp': {'value': None, 'text': ''}, 'isMarkedDown': False, 'isOutletPrice': False, 'currency': 'USD'}",,60094263,ASOS DESIGN,False,False,,1754524,Product,asos-design/asos-design-super-crop-top-with-thumbhole-in-rib-in-white/prd/20850198?colourwayid=60094263,images.asos-media.com/products/asos-design-super-crop-top-with-thumbhole-in-rib-in-white/20850198-1-white,,False,www.asos.com/usasos-design/asos-design-super-crop-top-with-thumbhole-in-rib-in-white/prd/20850198?colourwayid=60094263
26,20850199,ASOS DESIGN Hourglass super crop top with thumbhole in rib in white,"{'current': {'value': 16.0, 'text': '$16.00'}, 'previous': {'value': None, 'text': ''}, 'rrp': {'value': None, 'text': ''}, 'isMarkedDown': False, 'isOutletPrice': False, 'currency': 'USD'}",,60094266,ASOS DESIGN,False,False,,1754535,Product,asos-design/asos-design-hourglass-super-crop-top-with-thumbhole-in-rib-in-white/prd/20850199?colourwayid=60094266,images.asos-media.com/products/asos-design-hourglass-super-crop-top-with-thumbhole-in-rib-in-white/20850199-1-white,,False,www.asos.com/usasos-design/asos-design-hourglass-super-crop-top-with-thumbhole-in-rib-in-white/prd/20850199?colourwayid=60094266
27,20534494,JDY top with textured fabric in blue,"{'current': {'value': 32.0, 'text': '$32.00'}, 'previous': {'value': None, 'text': ''}, 'rrp': {'value': None, 'text': ''}, 'isMarkedDown': False, 'isOutletPrice': False, 'currency': 'USD'}",,60061984,JDY,False,False,,1729527,Product,jdy/jdy-top-with-textured-fabric-in-blue/prd/20534494?colourwayid=60061984,images.asos-media.com/products/jdy-top-with-textured-fabric-in-blue/20534494-1-blue,,False,www.asos.com/usjdy/jdy-top-with-textured-fabric-in-blue/prd/20534494?colourwayid=60061984
28,20767146,Weekday Lexi perforated faux leather shirt in black,"{'current': {'value': 72.0, 'text': '$72.00'}, 'previous': {'value': None, 'text': ''}, 'rrp': {'value': None, 'text': ''}, 'isMarkedDown': False, 'isOutletPrice': False, 'currency': 'USD'}",,60086253,Weekday,False,False,,1747668,Product,weekday/weekday-lexi-perforated-faux-leather-shirt-in-black/prd/20767146?colourwayid=60086253,images.asos-media.com/products/weekday-lexi-perforated-faux-leather-shirt-in-black/20767146-1-black,,False,www.asos.com/usweekday/weekday-lexi-perforated-faux-leather-shirt-in-black/prd/20767146?colourwayid=60086253
29,20124172,Nike Plus swoosh oversized crop t-shirt in white,"{'current': {'value': 40.0, 'text': '$40.00'}, 'previous': {'value': None, 'text': ''}, 'rrp': {'value': None, 'text': ''}, 'isMarkedDown': False, 'isOutletPrice': False, 'currency': 'USD'}",,60010384,Nike,False,False,,1695391,Product,nike/nike-plus-swoosh-oversized-crop-t-shirt-in-white/prd/20124172?colourwayid=60010384,images.asos-media.com/products/nike-plus-swoosh-oversized-crop-t-shirt-in-white/20124172-1-white,,False,www.asos.com/usnike/nike-plus-swoosh-oversized-crop-t-shirt-in-white/prd/20124172?colourwayid=60010384
30,20387545,Only cropped shirt with puff sleeve in cream,"{'current': {'value': 45.0, 'text': '$45.00'}, 'previous': {'value': None, 'text': ''}, 'rrp': {'value': None, 'text': ''}, 'isMarkedDown': False, 'isOutletPrice': False, 'currency': 'USD'}",,60049520,Only,False,False,,1716766,Product,only/only-cropped-shirt-with-puff-sleeve-in-cream/prd/20387545?colourwayid=60049520,images.asos-media.com/products/only-cropped-shirt-with-puff-sleeve-in-cream/20387545-1-cream,,False,www.asos.com/usonly/only-cropped-shirt-with-puff-sleeve-in-cream/prd/20387545?colourwayid=60049520
31,20848250,ASOS DESIGN long sleeve high neck crop top in white,"{'current': {'value': 19.0, 'text': '$19.00'}, 'previous': {'value': None, 'text': ''}, 'rrp': {'value': None, 'text': ''}, 'isMarkedDown': False, 'isOutletPrice': False, 'currency': 'USD'}",,60094102,ASOS DESIGN,False,False,,1754338,Product,asos-design/asos-design-long-sleeve-high-neck-crop-top-in-white/prd/20848250?colourwayid=60094102,images.asos-media.com/products/asos-design-long-sleeve-high-neck-crop-top-in-white/20848250-1-white,,False,www.asos.com/usasos-design/asos-design-long-sleeve-high-neck-crop-top-in-white/prd/20848250?colourwayid=60094102
32,21102589,Weekday Cris modal long sleeve ribbed t-shirt in bottle green,"{'current': {'value': 32.0, 'text': '$32.00'}, 'previous': {'value': None, 'text': ''}, 'rrp': {'value': None, 'text': ''}, 'isMarkedDown': False, 'isOutletPrice': False, 'currency': 'USD'}",,60140522,Weekday,False,False,,1772819,Product,weekday/weekday-cris-modal-long-sleeve-ribbed-t-shirt-in-bottle-green/prd/21102589?colourwayid=60140522,images.asos-media.com/products/weekday-cris-modal-long-sleeve-ribbed-t-shirt-in-bottle-green/21102589-1-green,,False,www.asos.com/usweekday/weekday-cris-modal-long-sleeve-ribbed-t-shirt-in-bottle-green/prd/21102589?colourwayid=60140522
33,20593859,Pieces grandad collar blouse with long sleeves in white,"{'current': {'value': 51.0, 'text': '$51.00'}, 'previous': {'value': None, 'text': ''}, 'rrp': {'value': None, 'text': ''}, 'isMarkedDown': False, 'isOutletPrice': False, 'currency': 'USD'}",,60066922,Pieces,False,False,,1733935,Product,pieces/pieces-grandad-collar-blouse-with-long-sleeves-in-white/prd/20593859?colourwayid=60066922,images.asos-media.com/products/pieces-grandad-collar-blouse-with-long-sleeves-in-white/20593859-1-white,,False,www.asos.com/uspieces/pieces-grandad-collar-blouse-with-long-sleeves-in-white/prd/20593859?colourwayid=60066922
34,20815578,ASOS DESIGN Petite ruched bust body in black,"{'current': {'value': 23.0, 'text': '$23.00'}, 'previous': {'value': None, 'text': ''}, 'rrp': {'value': None, 'text': ''}, 'isMarkedDown': False, 'isOutletPrice': False, 'currency': 'USD'}",,60091004,ASOS Petite,False,False,,1751552,Product,asos-petite/asos-design-petite-ruched-bust-body-in-black/prd/20815578?colourwayid=60091004,images.asos-media.com/products/asos-design-petite-ruched-bust-body-in-black/20815578-1-black,,False,www.asos.com/usasos-petite/asos-design-petite-ruched-bust-body-in-black/prd/20815578?colourwayid=60091004
35,20834149,ASOS DESIGN Curve exclusive lounge two-piece towelling tee with scrunchie in mint,"{'current': {'value': 29.0, 'text': '$29.00'}, 'previous': {'value': None, 'text': ''}, 'rrp': {'value': None, 'text': ''}, 'isMarkedDown': False, 'isOutletPrice': False, 'currency': 'USD'}",,60092736,ASOS Curve,False,False,,1753242,Product,asos-curve/asos-design-curve-exclusive-lounge-two-piece-towelling-tee-with-scrunchie-in-mint/prd/20834149?colourwayid=60092736,images.asos-media.com/products/asos-design-curve-exclusive-lounge-two-piece-towelling-tee-with-scrunchie-in-mint/20834149-1-mint,,False,www.asos.com/usasos-curve/asos-design-curve-exclusive-lounge-two-piece-towelling-tee-with-scrunchie-in-mint/prd/20834149?colourwayid=60092736
36,20278237,ASOS DESIGN micro bandeau with ruched front and skinny straps in lilac,"{'current': {'value': 16.0, 'text': '$16.00'}, 'previous': {'value': None, 'text': ''}, 'rrp': {'value': None, 'text': ''}, 'isMarkedDown': False, 'isOutletPrice': False, 'currency': 'USD'}",,60039576,ASOS DESIGN,False,False,,1708188,Product,asos-design/asos-design-micro-bandeau-with-ruched-front-and-skinny-straps-in-lilac/prd/20278237?colourwayid=60039576,images.asos-media.com/products/asos-design-micro-bandeau-with-ruched-front-and-skinny-straps-in-lilac/20278237-1-lilac,,False,www.asos.com/usasos-design/asos-design-micro-bandeau-with-ruched-front-and-skinny-straps-in-lilac/prd/20278237?colourwayid=60039576
37,20810559,ASOS DESIGN oversized polo t-shirt with deep collar,"{'current': {'value': 29.0, 'text': '$29.00'}, 'previous': {'value': None, 'text': ''}, 'rrp': {'value': None, 'text': ''}, 'isMarkedDown': False, 'isOutletPrice': False, 'currency': 'USD'}",,60089677,ASOS DESIGN,False,False,,1751074,Product,asos-design/asos-design-oversized-polo-t-shirt-with-deep-collar/prd/20810559?colourwayid=60089677,images.asos-media.com/products/asos-design-oversized-polo-t-shirt-with-deep-collar/20810559-1-white,,False,www.asos.com/usasos-design/asos-design-oversized-polo-t-shirt-with-deep-collar/prd/20810559?colourwayid=60089677
38,21245729,River Island floral organza top in white,"{'current': {'value': 63.0, 'text': '$63.00'}, 'previous': {'value': None, 'text': ''}, 'rrp': {'value': None, 'text': ''}, 'isMarkedDown': False, 'isOutletPrice': False, 'currency': 'USD'}",,60150502,River Island,False,False,,1783746,Product,river-island/river-island-floral-organza-top-in-white/prd/21245729?colourwayid=60150502,images.asos-media.com/products/river-island-floral-organza-top-in-white/21245729-1-white,,False,www.asos.com/usriver-island/river-island-floral-organza-top-in-white/prd/21245729?colourwayid=60150502
39,20859240,River Island logo turnback sleeve t-shirt in pink,"{'current': {'value': 21.0, 'text': '$21.00'}, 'previous': {'value': None, 'text': ''}, 'rrp': {'value': None, 'text': ''}, 'isMarkedDown': False, 'isOutletPrice': False, 'currency': 'USD'}",,60094984,River Island,False,False,,1755216,Product,river-island/river-island-logo-turnback-sleeve-t-shirt-in-pink/prd/20859240?colourwayid=60094984,images.asos-media.com/products/river-island-logo-turnback-sleeve-t-shirt-in-pink/20859240-1-pink,,False,www.asos.com/usriver-island/river-island-logo-turnback-sleeve-t-shirt-in-pink/prd/20859240?colourwayid=60094984
40,21189071,Topshop shirred long sleeve top in ivory,"{'current': {'value': 56.0, 'text': '$56.00'}, 'previous': {'value': None, 'text': ''}, 'rrp': {'value': None, 'text': ''}, 'isMarkedDown': False, 'isOutletPrice': False, 'currency': 'USD'}",,60146812,Topshop,False,False,,1778955,Product,topshop/topshop-shirred-long-sleeve-top-in-ivory/prd/21189071?colourwayid=60146812,images.asos-media.com/products/topshop-shirred-long-sleeve-top-in-ivory/21189071-1-cream,,False,www.asos.com/ustopshop/topshop-shirred-long-sleeve-top-in-ivory/prd/21189071?colourwayid=60146812
41,13914317,ASOS DESIGN v neck sheer top with volume sleeve in animal print,"{'current': {'value': 54.0, 'text': '$54.00'}, 'previous': {'value': None, 'text': ''}, 'rrp': {'value': None, 'text': ''}, 'isMarkedDown': False, 'isOutletPrice': False, 'currency': 'USD'}",,16576247,ASOS DESIGN,False,False,,1603639,Product,asos-design/asos-design-v-neck-sheer-top-with-volume-sleeve-in-animal-print/prd/13914317?colourwayid=16576247,images.asos-media.com/products/asos-design-v-neck-sheer-top-with-volume-sleeve-in-animal-print/13914317-1-multi,video.asos-media.com/products/asos-design-v-neck-sheer-top-with-volume-sleeve-in-animal-print/13914317-catwalk-AVS,False,www.asos.com/usasos-design/asos-design-v-neck-sheer-top-with-volume-sleeve-in-animal-print/prd/13914317?colourwayid=16576247
42,13914322,ASOS DESIGN v neck sheer top with volume sleeve in self stripe in gold,"{'current': {'value': 54.0, 'text': '$54.00'}, 'previous': {'value': None, 'text': ''}, 'rrp': {'value': None, 'text': ''}, 'isMarkedDown': False, 'isOutletPrice': False, 'currency': 'USD'}",,16576256,ASOS DESIGN,False,False,,1603642,Product,asos-design/asos-design-v-neck-sheer-top-with-volume-sleeve-in-self-stripe-in-gold/prd/13914322?colourwayid=16576256,images.asos-media.com/products/asos-design-v-neck-sheer-top-with-volume-sleeve-in-self-stripe-in-gold/13914322-1-gold,video.asos-media.com/products/asos-design-v-neck-sheer-top-with-volume-sleeve-in-self-stripe-in-gold/13914322-catwalk-AVS,False,www.asos.com/usasos-design/asos-design-v-neck-sheer-top-with-volume-sleeve-in-self-stripe-in-gold/prd/13914322?colourwayid=16576256
43,14229187,Nike rainbow stripe tank bodysuit,"{'current': {'value': 40.0, 'text': '$40.00'}, 'previous': {'value': None, 'text': ''}, 'rrp': {'value': None, 'text': ''}, 'isMarkedDown': False, 'isOutletPrice': False, 'currency': 'USD'}",,16600997,Nike,False,False,,1626768,Product,nike/nike-rainbow-stripe-tank-bodysuit/prd/14229187?colourwayid=16600997,images.asos-media.com/products/nike-rainbow-stripe-tank-bodysuit/14229187-1-white,video.asos-media.com/products/nike-rainbow-stripe-tank-bodysuit/14229187-catwalk-AVS,False,www.asos.com/usnike/nike-rainbow-stripe-tank-bodysuit/prd/14229187?colourwayid=16600997
44,14618475,COLLUSION oversized satin shirt in candy stripe,"{'current': {'value': 35.0, 'text': '$35.00'}, 'previous': {'value': None, 'text': ''}, 'rrp': {'value': None, 'text': ''}, 'isMarkedDown': False, 'isOutletPrice': False, 'currency': 'USD'}",,16630662,Collusion,False,False,,1656082,Product,collusion/collusion-oversized-satin-shirt-in-candy-stripe/prd/14618475?colourwayid=16630662,images.asos-media.com/products/collusion-oversized-satin-shirt-in-candy-stripe/14618475-1-pinkred,,False,www.asos.com/uscollusion/collusion-oversized-satin-shirt-in-candy-stripe/prd/14618475?colourwayid=16630662
45,14643440,Under Armour Training knockout tank in black,"{'current': {'value': 35.0, 'text': '$35.00'}, 'previous': {'value': None, 'text': ''}, 'rrp': {'value': None, 'text': ''}, 'isMarkedDown': False, 'isOutletPrice': False, 'currency': 'USD'}",,16632849,Under Armour,False,False,,1658283,Product,under-armour/under-armour-training-knockout-tank-in-black/prd/14643440?colourwayid=16632849,images.asos-media.com/products/under-armour-training-knockout-tank-in-black/14643440-1-black,video.asos-media.com/products/under-armour-training-knockout-tank-in-black/14643440-catwalk-AVS,False,www.asos.com/usunder-armour/under-armour-training-knockout-tank-in-black/prd/14643440?colourwayid=16632849
46,14721723,Little Sunny Bite oversized t-shirt with teddy graphic,"{'current': {'value': 79.0, 'text': '$79.00'}, 'previous': {'value': None, 'text': ''}, 'rrp': {'value': None, 'text': ''}, 'isMarkedDown': False, 'isOutletPrice': False, 'currency': 'USD'}",,16638957,Little Sunny Bite,False,False,,1664212,Product,little-sunny-bite/little-sunny-bite-oversized-t-shirt-with-teddy-graphic/prd/14721723?colourwayid=16638957,images.asos-media.com/products/little-sunny-bite-oversized-t-shirt-with-teddy-graphic/14721723-1-black,video.asos-media.com/products/little-sunny-bite-oversized-t-shirt-with-teddy-graphic/14721723-catwalk-AVS,False,www.asos.com/uslittle-sunny-bite/little-sunny-bite-oversized-t-shirt-with-teddy-graphic/prd/14721723?colourwayid=16638957
47,14721728,Little Sunny Bite long sleeve 2 in 1 t-shirt with girl graphic,"{'current': {'value': 95.0, 'text': '$95.00'}, 'previous': {'value': None, 'text': ''}, 'rrp': {'value': None, 'text': ''}, 'isMarkedDown': False, 'isOutletPrice': False, 'currency': 'USD'}",,16638958,Little Sunny Bite,False,False,,1664215,Product,little-sunny-bite/little-sunny-bite-long-sleeve-2-in-1-t-shirt-with-girl-graphic/prd/14721728?colourwayid=16638958,images.asos-media.com/products/little-sunny-bite-long-sleeve-2-in-1-t-shirt-with-girl-graphic/14721728-1-black,video.asos-media.com/products/little-sunny-bite-long-sleeve-2-in-1-t-shirt-with-girl-graphic/14721728-catwalk-AVS,False,www.asos.com/uslittle-sunny-bite/little-sunny-bite-long-sleeve-2-in-1-t-shirt-with-girl-graphic/prd/14721728?colourwayid=16638958
48,14721880,Little Sunny Bite oversized half zip top with frills in check two-piece,"{'current': {'value': 111.0, 'text': '$111.00'}, 'previous': {'value': None, 'text': ''}, 'rrp': {'value': None, 'text': ''}, 'isMarkedDown': False, 'isOutletPrice': False, 'currency': 'USD'}",,16638981,Little Sunny Bite,False,False,,1664228,Product,little-sunny-bite/little-sunny-bite-oversized-half-zip-top-with-frills-in-check-two-piece/prd/14721880?colourwayid=16638981,images.asos-media.com/products/little-sunny-bite-oversized-half-zip-top-with-frills-in-check-two-piece/14721880-1-rednavycheck,video.asos-media.com/products/little-sunny-bite-oversized-half-zip-top-with-frills-in-check-two-piece/14721880-catwalk-AVS,False,www.asos.com/uslittle-sunny-bite/little-sunny-bite-oversized-half-zip-top-with-frills-in-check-two-piece/prd/14721880?colourwayid=16638981
49,14722768,ASOS DESIGN organza insert cami top in Black,"{'current': {'value': 26.0, 'text': '$26.00'}, 'previous': {'value': None, 'text': ''}, 'rrp': {'value': None, 'text': ''}, 'isMarkedDown': False, 'isOutletPrice': False, 'currency': 'USD'}",,16639044,ASOS DESIGN,False,False,,1664305,Product,asos-design/asos-design-organza-insert-cami-top-in-black/prd/14722768?colourwayid=16639044,images.asos-media.com/products/asos-design-organza-insert-cami-top-in-black/14722768-1-black,video.asos-media.com/products/asos-design-organza-insert-cami-top-in-black/14722768-catwalk-AVS,False,www.asos.com/usasos-design/asos-design-organza-insert-cami-top-in-black/prd/14722768?colourwayid=16639044
50,20043483,ASOS DESIGN corset detail knitted ribbed cami in white,"{'current': {'value': 23.0, 'text': '$23.00'}, 'previous': {'value': None, 'text': ''}, 'rrp': {'value': None, 'text': ''}, 'isMarkedDown': False, 'isOutletPrice': False, 'currency': 'USD'}",,60003819,ASOS DESIGN,False,False,,1688881,Product,asos-design/asos-design-corset-detail-knitted-ribbed-cami-in-white/prd/20043483?colourwayid=60003819,images.asos-media.com/products/asos-design-corset-detail-knitted-ribbed-cami-in-white/20043483-1-white,,True,www.asos.com/usasos-design/asos-design-corset-detail-knitted-ribbed-cami-in-white/prd/20043483?colourwayid=60003819
51,20043484,ASOS DESIGN corset detail knitted ribbed cami in brown,"{'current': {'value': 23.0, 'text': '$23.00'}, 'previous': {'value': None, 'text': ''}, 'rrp': {'value': None, 'text': ''}, 'isMarkedDown': False, 'isOutletPrice': False, 'currency': 'USD'}",,60003810,ASOS DESIGN,False,False,,1688884,Product,asos-design/asos-design-corset-detail-knitted-ribbed-cami-in-brown/prd/20043484?colourwayid=60003810,images.asos-media.com/products/asos-design-corset-detail-knitted-ribbed-cami-in-brown/20043484-1-brown,,True,www.asos.com/usasos-design/asos-design-corset-detail-knitted-ribbed-cami-in-brown/prd/20043484?colourwayid=60003810
52,20060183,ASOS DESIGN Modesty smock with broidery trim,"{'current': {'value': 29.0, 'text': '$29.00'}, 'previous': {'value': None, 'text': ''}, 'rrp': {'value': None, 'text': ''}, 'isMarkedDown': False, 'isOutletPrice': False, 'currency': 'USD'}",,60005236,ASOS DESIGN,False,False,,1690295,Product,asos-design/asos-design-modesty-smock-with-broidery-trim/prd/20060183?colourwayid=60005236,images.asos-media.com/products/asos-design-modesty-smock-with-broidery-trim/20060183-1-black,,False,www.asos.com/usasos-design/asos-design-modesty-smock-with-broidery-trim/prd/20060183?colourwayid=60005236
53,20106721,Outrageous Fortune Petite tie front puff sleeve crop top in contrast geo print,"{'current': {'value': 45.0, 'text': '$45.00'}, 'previous': {'value': None, 'text': ''}, 'rrp': {'value': None, 'text': ''}, 'isMarkedDown': False, 'isOutletPrice': False, 'currency': 'USD'}",,60009134,Outrageous Fortune Petite,False,False,,1694169,Product,outrageous-fortune-petite/outrageous-fortune-petite-tie-front-puff-sleeve-crop-top-in-contrast-geo-print/prd/20106721?colourwayid=60009134,images.asos-media.com/products/outrageous-fortune-petite-tie-front-puff-sleeve-crop-top-in-contrast-geo-print/20106721-1-multi,,False,www.asos.com/usoutrageous-fortune-petite/outrageous-fortune-petite-tie-front-puff-sleeve-crop-top-in-contrast-geo-print/prd/20106721?colourwayid=60009134
54,20246071,Jaded London crop tank top with heaven graphic,"{'current': {'value': 29.0, 'text': '$29.00'}, 'previous': {'value': None, 'text': ''}, 'rrp': {'value': None, 'text': ''}, 'isMarkedDown': False, 'isOutletPrice': False, 'currency': 'USD'}",,60020690,Jaded London,False,False,,1704621,Product,jaded-london/jaded-london-crop-tank-top-with-heaven-graphic/prd/20246071?colourwayid=60020690,images.asos-media.com/products/jaded-london-crop-tank-top-with-heaven-graphic/20246071-1-white,,True,www.asos.com/usjaded-london/jaded-london-crop-tank-top-with-heaven-graphic/prd/20246071?colourwayid=60020690
55,20268699,New Girl Order Curve cropped t-shirt with retro horse graphic with frill neck,"{'current': {'value': 29.0, 'text': '$29.00'}, 'previous': {'value': None, 'text': ''}, 'rrp': {'value': None, 'text': ''}, 'isMarkedDown': False, 'isOutletPrice': False, 'currency': 'USD'}",,60038662,New Girl Order Curve,False,False,,1707232,Product,new-girl-order-curve/new-girl-order-curve-cropped-t-shirt-with-retro-horse-graphic-with-frill-neck/prd/20268699?colourwayid=60038662,images.asos-media.com/products/new-girl-order-curve-cropped-t-shirt-with-retro-horse-graphic-with-frill-neck/20268699-1-white,,False,www.asos.com/usnew-girl-order-curve/new-girl-order-curve-cropped-t-shirt-with-retro-horse-graphic-with-frill-neck/prd/20268699?colourwayid=60038662
56,20290457,In The Style Plus x Lorna Luxe puff plunge front frilly body in cream,"{'current': {'value': 51.0, 'text': '$51.00'}, 'previous': {'value': None, 'text': ''}, 'rrp': {'value': None, 'text': ''}, 'isMarkedDown': False, 'isOutletPrice': False, 'currency': 'USD'}",,60040808,In The Style Plus,False,False,,1709348,Product,in-the-style-plus/in-the-style-plus-x-lorna-luxe-puff-plunge-front-frilly-body-in-cream/prd/20290457?colourwayid=60040808,images.asos-media.com/products/in-the-style-plus-x-lorna-luxe-puff-plunge-front-frilly-body-in-cream/20290457-1-cream,,False,www.asos.com/usin-the-style-plus/in-the-style-plus-x-lorna-luxe-puff-plunge-front-frilly-body-in-cream/prd/20290457?colourwayid=60040808
57,20304518,Monki Mona shirred crop top with puff sleeves in white,"{'current': {'value': 40.0, 'text': '$40.00'}, 'previous': {'value': None, 'text': ''}, 'rrp': {'value': None, 'text': ''}, 'isMarkedDown': False, 'isOutletPrice': False, 'currency': 'USD'}",,60042042,Monki,False,False,,1710469,Product,monki/monki-mona-shirred-crop-top-with-puff-sleeves-in-white/prd/20304518?colourwayid=60042042,images.asos-media.com/products/monki-mona-shirred-crop-top-with-puff-sleeves-in-white/20304518-1-white,,False,www.asos.com/usmonki/monki-mona-shirred-crop-top-with-puff-sleeves-in-white/prd/20304518?colourwayid=60042042
58,20323050,COLLUSION Unisex oversized t-shirt with floral print in washed blue,"{'current': {'value': 24.0, 'text': '$24.00'}, 'previous': {'value': None, 'text': ''}, 'rrp': {'value': None, 'text': ''}, 'isMarkedDown': False, 'isOutletPrice': False, 'currency': 'USD'}",,60043608,Collusion,False,False,,1712028,Product,collusion/collusion-unisex-oversized-t-shirt-with-floral-print-in-washed-blue/prd/20323050?colourwayid=60043608,images.asos-media.com/products/collusion-unisex-oversized-t-shirt-with-floral-print-in-washed-blue/20323050-1-blue,,False,www.asos.com/uscollusion/collusion-unisex-oversized-t-shirt-with-floral-print-in-washed-blue/prd/20323050?colourwayid=60043608
59,20409642,Fiorucci vintage angels t-shirt in dark gray,"{'current': {'value': 100.0, 'text': '$100.00'}, 'previous': {'value': None, 'text': ''}, 'rrp': {'value': None, 'text': ''}, 'isMarkedDown': False, 'isOutletPrice': False, 'currency': 'USD'}",,60051426,Fiorucci,False,False,,1719261,Product,fiorucci/fiorucci-vintage-angels-t-shirt-in-dark-gray/prd/20409642?colourwayid=60051426,images.asos-media.com/products/fiorucci-vintage-angels-t-shirt-in-dark-gray/20409642-1-darkgrey,,False,www.asos.com/usfiorucci/fiorucci-vintage-angels-t-shirt-in-dark-gray/prd/20409642?colourwayid=60051426
60,20555752,ASOS DESIGN square neck super crop with notch detail in black,"{'current': {'value': 23.0, 'text': '$23.00'}, 'previous': {'value': None, 'text': ''}, 'rrp': {'value': None, 'text': ''}, 'isMarkedDown': False, 'isOutletPrice': False, 'currency': 'USD'}",,60063968,ASOS DESIGN,False,False,,1731177,Product,asos-design/asos-design-square-neck-super-crop-with-notch-detail-in-black/prd/20555752?colourwayid=60063968,images.asos-media.com/products/asos-design-square-neck-super-crop-with-notch-detail-in-black/20555752-1-black,,False,www.asos.com/usasos-design/asos-design-square-neck-super-crop-with-notch-detail-in-black/prd/20555752?colourwayid=60063968
61,20588614,COLLUSION Unisex oversized t-shirt with logo print in charcoal,"{'current': {'value': 19.0, 'text': '$19.00'}, 'previous': {'value': None, 'text': ''}, 'rrp': {'value': None, 'text': ''}, 'isMarkedDown': False, 'isOutletPrice': False, 'currency': 'USD'}",,60066543,Collusion,False,False,,1733348,Product,collusion/collusion-unisex-oversized-t-shirt-with-logo-print-in-charcoal/prd/20588614?colourwayid=60066543,images.asos-media.com/products/collusion-unisex-oversized-t-shirt-with-logo-print-in-charcoal/20588614-1-charcoal,,True,www.asos.com/uscollusion/collusion-unisex-oversized-t-shirt-with-logo-print-in-charcoal/prd/20588614?colourwayid=60066543
62,20623012,Pull&Bear plisse floral printed top in green floral,"{'current': {'value': 20.25, 'text': '$20.25'}, 'previous': {'value': 27.0, 'text': '$27.00'}, 'rrp': {'value': None, 'text': ''}, 'isMarkedDown': True, 'isOutletPrice': False, 'currency': 'USD'}",,60073061,Pull&Bear,False,False,,1736118,Product,pullbear/pullbear-plisse-floral-printed-top-in-green-floral/prd/20623012?colourwayid=60073061,images.asos-media.com/products/pullbear-plisse-floral-printed-top-in-green-floral/20623012-1-multi,,False,www.asos.com/uspullbear/pullbear-plisse-floral-printed-top-in-green-floral/prd/20623012?colourwayid=60073061
63,20636396,ASOS DESIGN Maternity oversized long sleeve t-shirt with cuff detail in pink,"{'current': {'value': 23.0, 'text': '$23.00'}, 'previous': {'value': None, 'text': ''}, 'rrp': {'value': None, 'text': ''}, 'isMarkedDown': False, 'isOutletPrice': False, 'currency': 'USD'}",,60074168,ASOS Maternity,False,False,,1737150,Product,asos-maternity/asos-design-maternity-oversized-long-sleeve-t-shirt-with-cuff-detail-in-pink/prd/20636396?colourwayid=60074168,images.asos-media.com/products/asos-design-maternity-oversized-long-sleeve-t-shirt-with-cuff-detail-in-pink/20636396-1-pink,,False,www.asos.com/usasos-maternity/asos-design-maternity-oversized-long-sleeve-t-shirt-with-cuff-detail-in-pink/prd/20636396?colourwayid=60074168
64,20654739,Missguided two-piece square neck slinky bodysuit in khaki,"{'current': {'value': 23.0, 'text': '$23.00'}, 'previous': {'value': None, 'text': ''}, 'rrp': {'value': None, 'text': ''}, 'isMarkedDown': False, 'isOutletPrice': False, 'currency': 'USD'}",,60076412,Missguided,False,False,29851.0,1738169,MixMatchProduct,missguided/missguided-two-piece-square-neck-slinky-bodysuit-in-khaki/grp/29851?colourwayid=60076412,images.asos-media.com/products/missguided-two-piece-square-neck-slinky-bodysuit-in-khaki/20654739-1-khaki,,False,www.asos.com/usmissguided/missguided-two-piece-square-neck-slinky-bodysuit-in-khaki/grp/29851?colourwayid=60076412
65,20654888,Missguided two-piece square neck slinky bodysuit in light gray,"{'current': {'value': 23.0, 'text': '$23.00'}, 'previous': {'value': None, 'text': ''}, 'rrp': {'value': None, 'text': ''}, 'isMarkedDown': False, 'isOutletPrice': False, 'currency': 'USD'}",,60076435,Missguided,False,False,29821.0,1738202,MixMatchProduct,missguided/missguided-two-piece-square-neck-slinky-bodysuit-in-light-gray/grp/29821?colourwayid=60076435,images.asos-media.com/products/missguided-two-piece-square-neck-slinky-bodysuit-in-light-gray/20654888-1-lightgrey,,False,www.asos.com/usmissguided/missguided-two-piece-square-neck-slinky-bodysuit-in-light-gray/grp/29821?colourwayid=60076435
66,20656267,ASOS DESIGN wrap top in rib in black,"{'current': {'value': 19.0, 'text': '$19.00'}, 'previous': {'value': None, 'text': ''}, 'rrp': {'value': None, 'text': ''}, 'isMarkedDown': False, 'isOutletPrice': False, 'currency': 'USD'}",,60076539,ASOS DESIGN,False,False,,1738709,Product,asos-design/asos-design-wrap-top-in-rib-in-black/prd/20656267?colourwayid=60076539,images.asos-media.com/products/asos-design-wrap-top-in-rib-in-black/20656267-1-black,,False,www.asos.com/usasos-design/asos-design-wrap-top-in-rib-in-black/prd/20656267?colourwayid=60076539
67,20656435,ASOS DESIGN Petite wrap top in rib in black,"{'current': {'value': 19.0, 'text': '$19.00'}, 'previous': {'value': None, 'text': ''}, 'rrp': {'value': None, 'text': ''}, 'isMarkedDown': False, 'isOutletPrice': False, 'currency': 'USD'}",,60076550,ASOS Petite,False,False,,1738714,Product,asos-petite/asos-design-petite-wrap-top-in-rib-in-black/prd/20656435?colourwayid=60076550,images.asos-media.com/products/asos-design-petite-wrap-top-in-rib-in-black/20656435-1-black,,False,www.asos.com/usasos-petite/asos-design-petite-wrap-top-in-rib-in-black/prd/20656435?colourwayid=60076550
68,20688187,Glamorous Curve relaxed short sleeve top in floral print,"{'current': {'value': 38.0, 'text': '$38.00'}, 'previous': {'value': None, 'text': ''}, 'rrp': {'value': None, 'text': ''}, 'isMarkedDown': False, 'isOutletPrice': False, 'currency': 'USD'}",,60079543,Glamorous Curve,False,False,,1741280,Product,glamorous-curve/glamorous-curve-relaxed-short-sleeve-top-in-floral-print/prd/20688187?colourwayid=60079543,images.asos-media.com/products/glamorous-curve-relaxed-short-sleeve-top-in-floral-print/20688187-1-redblossom,,False,www.asos.com/usglamorous-curve/glamorous-curve-relaxed-short-sleeve-top-in-floral-print/prd/20688187?colourwayid=60079543
69,20688395,Glamorous Tall relaxed short sleeve top in shell print,"{'current': {'value': 38.0, 'text': '$38.00'}, 'previous': {'value': None, 'text': ''}, 'rrp': {'value': None, 'text': ''}, 'isMarkedDown': False, 'isOutletPrice': False, 'currency': 'USD'}",,60079572,Glamorous Tall,False,False,,1741456,Product,glamorous-tall/glamorous-tall-relaxed-short-sleeve-top-in-shell-print/prd/20688395?colourwayid=60079572,images.asos-media.com/products/glamorous-tall-relaxed-short-sleeve-top-in-shell-print/20688395-1-blackshells,,False,www.asos.com/usglamorous-tall/glamorous-tall-relaxed-short-sleeve-top-in-shell-print/prd/20688395?colourwayid=60079572
70,20714923,ASOS DESIGN sleeveless relaxed t-shirt with shoulder pad in gray marl,"{'current': {'value': 23.0, 'text': '$23.00'}, 'previous': {'value': None, 'text': ''}, 'rrp': {'value': None, 'text': ''}, 'isMarkedDown': False, 'isOutletPrice': False, 'currency': 'USD'}",,60081973,ASOS DESIGN,False,False,,1743661,Product,asos-design/asos-design-sleeveless-relaxed-t-shirt-with-shoulder-pad-in-gray-marl/prd/20714923?colourwayid=60081973,images.asos-media.com/products/asos-design-sleeveless-relaxed-t-shirt-with-shoulder-pad-in-gray-marl/20714923-1-greymarl,,True,www.asos.com/usasos-design/asos-design-sleeveless-relaxed-t-shirt-with-shoulder-pad-in-gray-marl/prd/20714923?colourwayid=60081973
71,20724537,Missguided Petite pipe detail bodysuit in white,"{'current': {'value': 35.0, 'text': '$35.00'}, 'previous': {'value': None, 'text': ''}, 'rrp': {'value': None, 'text': ''}, 'isMarkedDown': False, 'isOutletPrice': False, 'currency': 'USD'}",,60082719,Missguided Petite,False,False,,1744431,Product,missguided-petite/missguided-petite-pipe-detail-bodysuit-in-white/prd/20724537?colourwayid=60082719,images.asos-media.com/products/missguided-petite-pipe-detail-bodysuit-in-white/20724537-1-white,,False,www.asos.com/usmissguided-petite/missguided-petite-pipe-detail-bodysuit-in-white/prd/20724537?colourwayid=60082719
72,20729186,COLLUSION tie dye crop t-shirt,"{'current': {'value': 19.0, 'text': '$19.00'}, 'previous': {'value': None, 'text': ''}, 'rrp': {'value': None, 'text': ''}, 'isMarkedDown': False, 'isOutletPrice': False, 'currency': 'USD'}",,60083054,Collusion,False,False,,1744643,Product,collusion/collusion-tie-dye-crop-t-shirt/prd/20729186?colourwayid=60083054,images.asos-media.com/products/collusion-tie-dye-crop-t-shirt/20729186-1-multi,,False,www.asos.com/uscollusion/collusion-tie-dye-crop-t-shirt/prd/20729186?colourwayid=60083054
73,20729195,COLLUSION oversized high neck top with exposed seams in pistachio,"{'current': {'value': 19.0, 'text': '$19.00'}, 'previous': {'value': None, 'text': ''}, 'rrp': {'value': None, 'text': ''}, 'isMarkedDown': False, 'isOutletPrice': False, 'currency': 'USD'}",,60083061,Collusion,False,False,,1744681,Product,collusion/collusion-oversized-high-neck-top-with-exposed-seams-in-pistachio/prd/20729195?colourwayid=60083061,images.asos-media.com/products/collusion-oversized-high-neck-top-with-exposed-seams-in-pistachio/20729195-1-palegreen,,False,www.asos.com/uscollusion/collusion-oversized-high-neck-top-with-exposed-seams-in-pistachio/prd/20729195?colourwayid=60083061
74,20762651,ASOS DESIGN super oversized cut off t-shirt with wide sleeve in orange,"{'current': {'value': 23.0, 'text': '$23.00'}, 'previous': {'value': None, 'text': ''}, 'rrp': {'value': None, 'text': ''}, 'isMarkedDown': False, 'isOutletPrice': False, 'currency': 'USD'}",,60085876,ASOS DESIGN,False,False,,1747421,Product,asos-design/asos-design-super-oversized-cut-off-t-shirt-with-wide-sleeve-in-orange/prd/20762651?colourwayid=60085876,images.asos-media.com/products/asos-design-super-oversized-cut-off-t-shirt-with-wide-sleeve-in-orange/20762651-1-orange,,False,www.asos.com/usasos-design/asos-design-super-oversized-cut-off-t-shirt-with-wide-sleeve-in-orange/prd/20762651?colourwayid=60085876
75,20787191,ASOS DESIGN crop cami with high neck and skinny straps in red,"{'current': {'value': 13.0, 'text': '$13.00'}, 'previous': {'value': None, 'text': ''}, 'rrp': {'value': None, 'text': ''}, 'isMarkedDown': False, 'isOutletPrice': False, 'currency': 'USD'}",,60087839,ASOS DESIGN,False,False,,1749211,Product,asos-design/asos-design-crop-cami-with-high-neck-and-skinny-straps-in-red/prd/20787191?colourwayid=60087839,images.asos-media.com/products/asos-design-crop-cami-with-high-neck-and-skinny-straps-in-red/20787191-1-red,,True,www.asos.com/usasos-design/asos-design-crop-cami-with-high-neck-and-skinny-straps-in-red/prd/20787191?colourwayid=60087839
76,20787309,ASOS DESIGN Maternity oversized longline swing tank in elephant gray,"{'current': {'value': 19.0, 'text': '$19.00'}, 'previous': {'value': None, 'text': ''}, 'rrp': {'value': None, 'text': ''}, 'isMarkedDown': False, 'isOutletPrice': False, 'currency': 'USD'}",,60087859,ASOS Maternity,False,False,,1749218,Product,asos-maternity/asos-design-maternity-oversized-longline-swing-tank-in-elephant-gray/prd/20787309?colourwayid=60087859,images.asos-media.com/products/asos-design-maternity-oversized-longline-swing-tank-in-elephant-gray/20787309-1-elephantgrey,,False,www.asos.com/usasos-maternity/asos-design-maternity-oversized-longline-swing-tank-in-elephant-gray/prd/20787309?colourwayid=60087859
77,20787311,ASOS DESIGN Curve oversized longline swing tank in elephant gray,"{'current': {'value': 19.0, 'text': '$19.00'}, 'previous': {'value': None, 'text': ''}, 'rrp': {'value': None, 'text': ''}, 'isMarkedDown': False, 'isOutletPrice': False, 'currency': 'USD'}",,60087860,ASOS Curve,False,False,,1749214,Product,asos-curve/asos-design-curve-oversized-longline-swing-tank-in-elephant-gray/prd/20787311?colourwayid=60087860,images.asos-media.com/products/asos-design-curve-oversized-longline-swing-tank-in-elephant-gray/20787311-1-elephantgrey,,False,www.asos.com/usasos-curve/asos-design-curve-oversized-longline-swing-tank-in-elephant-gray/prd/20787311?colourwayid=60087860
78,20787436,ASOS DESIGN Petite slim fit t-shirt with notch neck in rib in white,"{'current': {'value': 16.0, 'text': '$16.00'}, 'previous': {'value': None, 'text': ''}, 'rrp': {'value': None, 'text': ''}, 'isMarkedDown': False, 'isOutletPrice': False, 'currency': 'USD'}",,60087871,ASOS Petite,False,False,,1749227,Product,asos-petite/asos-design-petite-slim-fit-t-shirt-with-notch-neck-in-rib-in-white/prd/20787436?colourwayid=60087871,images.asos-media.com/products/asos-design-petite-slim-fit-t-shirt-with-notch-neck-in-rib-in-white/20787436-1-white,,False,www.asos.com/usasos-petite/asos-design-petite-slim-fit-t-shirt-with-notch-neck-in-rib-in-white/prd/20787436?colourwayid=60087871
79,20787679,ASOS DESIGN Tall crop cami with ruched front and skinny straps in white,"{'current': {'value': 16.0, 'text': '$16.00'}, 'previous': {'value': None, 'text': ''}, 'rrp': {'value': None, 'text': ''}, 'isMarkedDown': False, 'isOutletPrice': False, 'currency': 'USD'}",,60087878,ASOS Tall,False,False,,1749241,Product,asos-tall/asos-design-tall-crop-cami-with-ruched-front-and-skinny-straps-in-white/prd/20787679?colourwayid=60087878,images.asos-media.com/products/asos-design-tall-crop-cami-with-ruched-front-and-skinny-straps-in-white/20787679-1-white,,False,www.asos.com/usasos-tall/asos-design-tall-crop-cami-with-ruched-front-and-skinny-straps-in-white/prd/20787679?colourwayid=60087878
80,20787680,ASOS DESIGN square neck tank bodysuit with seam detail in cream,"{'current': {'value': 23.0, 'text': '$23.00'}, 'previous': {'value': None, 'text': ''}, 'rrp': {'value': None, 'text': ''}, 'isMarkedDown': False, 'isOutletPrice': False, 'currency': 'USD'}",,60087892,ASOS DESIGN,False,False,,1749253,Product,asos-design/asos-design-square-neck-tank-bodysuit-with-seam-detail-in-cream/prd/20787680?colourwayid=60087892,images.asos-media.com/products/asos-design-square-neck-tank-bodysuit-with-seam-detail-in-cream/20787680-1-cream,,False,www.asos.com/usasos-design/asos-design-square-neck-tank-bodysuit-with-seam-detail-in-cream/prd/20787680?colourwayid=60087892
81,20787682,ASOS DESIGN square neck tank bodysuit with seam detail in black,"{'current': {'value': 23.0, 'text': '$23.00'}, 'previous': {'value': None, 'text': ''}, 'rrp': {'value': None, 'text': ''}, 'isMarkedDown': False, 'isOutletPrice': False, 'currency': 'USD'}",,60087879,ASOS DESIGN,False,False,,1749251,Product,asos-design/asos-design-square-neck-tank-bodysuit-with-seam-detail-in-black/prd/20787682?colourwayid=60087879,images.asos-media.com/products/asos-design-square-neck-tank-bodysuit-with-seam-detail-in-black/20787682-1-black,,False,www.asos.com/usasos-design/asos-design-square-neck-tank-bodysuit-with-seam-detail-in-black/prd/20787682?colourwayid=60087879
82,20787689,ASOS DESIGN Petite crop cami with ruched front and skinny straps in mint,"{'current': {'value': 16.0, 'text': '$16.00'}, 'previous': {'value': None, 'text': ''}, 'rrp': {'value': None, 'text': ''}, 'isMarkedDown': False, 'isOutletPrice': False, 'currency': 'USD'}",,60087884,ASOS Petite,False,False,,1749240,Product,asos-petite/asos-design-petite-crop-cami-with-ruched-front-and-skinny-straps-in-mint/prd/20787689?colourwayid=60087884,images.asos-media.com/products/asos-design-petite-crop-cami-with-ruched-front-and-skinny-straps-in-mint/20787689-1-mint,,False,www.asos.com/usasos-petite/asos-design-petite-crop-cami-with-ruched-front-and-skinny-straps-in-mint/prd/20787689?colourwayid=60087884
83,20791527,In The Style x Lorna Luxe extreme puff sleeve top in black,"{'current': {'value': 48.0, 'text': '$48.00'}, 'previous': {'value': None, 'text': ''}, 'rrp': {'value': None, 'text': ''}, 'isMarkedDown': False, 'isOutletPrice': False, 'currency': 'USD'}",,60088241,In The Style,False,False,,1749649,Product,in-the-style/in-the-style-x-lorna-luxe-extreme-puff-sleeve-top-in-black/prd/20791527?colourwayid=60088241,images.asos-media.com/products/in-the-style-x-lorna-luxe-extreme-puff-sleeve-top-in-black/20791527-1-black,,False,www.asos.com/usin-the-style/in-the-style-x-lorna-luxe-extreme-puff-sleeve-top-in-black/prd/20791527?colourwayid=60088241
84,20809567,Fashion Union Tall blouse with rouching detail,"{'current': {'value': 38.0, 'text': '$38.00'}, 'previous': {'value': None, 'text': ''}, 'rrp': {'value': None, 'text': ''}, 'isMarkedDown': False, 'isOutletPrice': False, 'currency': 'USD'}",,60089617,Fashion Union Tall,False,False,,1750990,Product,fashion-union-tall/fashion-union-tall-blouse-with-rouching-detail/prd/20809567?colourwayid=60089617,images.asos-media.com/products/fashion-union-tall-blouse-with-rouching-detail/20809567-1-black,,True,www.asos.com/usfashion-union-tall/fashion-union-tall-blouse-with-rouching-detail/prd/20809567?colourwayid=60089617
85,20813763,ASOS DESIGN racer crop with corsetry detail in white,"{'current': {'value': 23.0, 'text': '$23.00'}, 'previous': {'value': None, 'text': ''}, 'rrp': {'value': None, 'text': ''}, 'isMarkedDown': False, 'isOutletPrice': False, 'currency': 'USD'}",,60090865,ASOS DESIGN,False,False,,1751408,Product,asos-design/asos-design-racer-crop-with-corsetry-detail-in-white/prd/20813763?colourwayid=60090865,images.asos-media.com/products/asos-design-racer-crop-with-corsetry-detail-in-white/20813763-1-white,,True,www.asos.com/usasos-design/asos-design-racer-crop-with-corsetry-detail-in-white/prd/20813763?colourwayid=60090865
86,20847294,ASOS DESIGN high apex cami strap bodysuit in black,"{'current': {'value': 19.0, 'text': '$19.00'}, 'previous': {'value': None, 'text': ''}, 'rrp': {'value': None, 'text': ''}, 'isMarkedDown': False, 'isOutletPrice': False, 'currency': 'USD'}",,60094045,ASOS DESIGN,False,False,,1754286,Product,asos-design/asos-design-high-apex-cami-strap-bodysuit-in-black/prd/20847294?colourwayid=60094045,images.asos-media.com/products/asos-design-high-apex-cami-strap-bodysuit-in-black/20847294-1-black,,False,www.asos.com/usasos-design/asos-design-high-apex-cami-strap-bodysuit-in-black/prd/20847294?colourwayid=60094045
87,20848579,ASOS DESIGN high neck bodysuit with lettuce edge and half sleeve in black,"{'current': {'value': 23.0, 'text': '$23.00'}, 'previous': {'value': None, 'text': ''}, 'rrp': {'value': None, 'text': ''}, 'isMarkedDown': False, 'isOutletPrice': False, 'currency': 'USD'}",,60094117,ASOS DESIGN,False,False,,1754366,Product,asos-design/asos-design-high-neck-bodysuit-with-lettuce-edge-and-half-sleeve-in-black/prd/20848579?colourwayid=60094117,images.asos-media.com/products/asos-design-high-neck-bodysuit-with-lettuce-edge-and-half-sleeve-in-black/20848579-1-black,,False,www.asos.com/usasos-design/asos-design-high-neck-bodysuit-with-lettuce-edge-and-half-sleeve-in-black/prd/20848579?colourwayid=60094117
88,20848797,ASOS DESIGN Curve v front ruched detail top with lettuce edge detail in white,"{'current': {'value': 19.0, 'text': '$19.00'}, 'previous': {'value': None, 'text': ''}, 'rrp': {'value': None, 'text': ''}, 'isMarkedDown': False, 'isOutletPrice': False, 'currency': 'USD'}",,60094138,ASOS Curve,False,False,,1754392,Product,asos-curve/asos-design-curve-v-front-ruched-detail-top-with-lettuce-edge-detail-in-white/prd/20848797?colourwayid=60094138,images.asos-media.com/products/asos-design-curve-v-front-ruched-detail-top-with-lettuce-edge-detail-in-white/20848797-1-white,,True,www.asos.com/usasos-curve/asos-design-curve-v-front-ruched-detail-top-with-lettuce-edge-detail-in-white/prd/20848797?colourwayid=60094138
89,20848804,ASOS DESIGN Curve v front ruched detail top with lettuce edge detail in Black,"{'current': {'value': 19.0, 'text': '$19.00'}, 'previous': {'value': None, 'text': ''}, 'rrp': {'value': None, 'text': ''}, 'isMarkedDown': False, 'isOutletPrice': False, 'currency': 'USD'}",,60094141,ASOS Curve,False,False,,1754393,Product,asos-curve/asos-design-curve-v-front-ruched-detail-top-with-lettuce-edge-detail-in-black/prd/20848804?colourwayid=60094141,images.asos-media.com/products/asos-design-curve-v-front-ruched-detail-top-with-lettuce-edge-detail-in-black/20848804-1-black,,False,www.asos.com/usasos-curve/asos-design-curve-v-front-ruched-detail-top-with-lettuce-edge-detail-in-black/prd/20848804?colourwayid=60094141
90,20849548,ASOS DESIGN one shoulder crop top with lettuce hem in lilac gray,"{'current': {'value': 16.0, 'text': '$16.00'}, 'previous': {'value': None, 'text': ''}, 'rrp': {'value': None, 'text': ''}, 'isMarkedDown': False, 'isOutletPrice': False, 'currency': 'USD'}",,60094223,ASOS DESIGN,False,False,,1754475,Product,asos-design/asos-design-one-shoulder-crop-top-with-lettuce-hem-in-lilac-gray/prd/20849548?colourwayid=60094223,images.asos-media.com/products/asos-design-one-shoulder-crop-top-with-lettuce-hem-in-lilac-gray/20849548-1-lilacgrey,,False,www.asos.com/usasos-design/asos-design-one-shoulder-crop-top-with-lettuce-hem-in-lilac-gray/prd/20849548?colourwayid=60094223
91,20849557,ASOS DESIGN v front ruched detail top with lettuce edge detail in blue,"{'current': {'value': 19.0, 'text': '$19.00'}, 'previous': {'value': None, 'text': ''}, 'rrp': {'value': None, 'text': ''}, 'isMarkedDown': False, 'isOutletPrice': False, 'currency': 'USD'}",,60094219,ASOS DESIGN,False,False,,1754472,Product,asos-design/asos-design-v-front-ruched-detail-top-with-lettuce-edge-detail-in-blue/prd/20849557?colourwayid=60094219,images.asos-media.com/products/asos-design-v-front-ruched-detail-top-with-lettuce-edge-detail-in-blue/20849557-1-blue,,False,www.asos.com/usasos-design/asos-design-v-front-ruched-detail-top-with-lettuce-edge-detail-in-blue/prd/20849557?colourwayid=60094219
92,20849692,ASOS DESIGN super crop tank with shaped hem in black,"{'current': {'value': 13.0, 'text': '$13.00'}, 'previous': {'value': None, 'text': ''}, 'rrp': {'value': None, 'text': ''}, 'isMarkedDown': False, 'isOutletPrice': False, 'currency': 'USD'}",,60094253,ASOS DESIGN,False,False,,1754483,Product,asos-design/asos-design-super-crop-tank-with-shaped-hem-in-black/prd/20849692?colourwayid=60094253,images.asos-media.com/products/asos-design-super-crop-tank-with-shaped-hem-in-black/20849692-1-black,,False,www.asos.com/usasos-design/asos-design-super-crop-tank-with-shaped-hem-in-black/prd/20849692?colourwayid=60094253
93,20849705,ASOS DESIGN super crop tank with shaped hem in white,"{'current': {'value': 13.0, 'text': '$13.00'}, 'previous': {'value': None, 'text': ''}, 'rrp': {'value': None, 'text': ''}, 'isMarkedDown': False, 'isOutletPrice': False, 'currency': 'USD'}",,60094234,ASOS DESIGN,False,False,,1754487,Product,asos-design/asos-design-super-crop-tank-with-shaped-hem-in-white/prd/20849705?colourwayid=60094234,images.asos-media.com/products/asos-design-super-crop-tank-with-shaped-hem-in-white/20849705-1-white,,True,www.asos.com/usasos-design/asos-design-super-crop-tank-with-shaped-hem-in-white/prd/20849705?colourwayid=60094234
94,20886266,ASOS DESIGN rib fitted corset top with ultra wide neck in white,"{'current': {'value': 32.0, 'text': '$32.00'}, 'previous': {'value': None, 'text': ''}, 'rrp': {'value': None, 'text': ''}, 'isMarkedDown': False, 'isOutletPrice': False, 'currency': 'USD'}",,60097165,ASOS DESIGN,False,False,,1757419,Product,asos-design/asos-design-rib-fitted-corset-top-with-ultra-wide-neck-in-white/prd/20886266?colourwayid=60097165,images.asos-media.com/products/asos-design-rib-fitted-corset-top-with-ultra-wide-neck-in-white/20886266-1-white,,True,www.asos.com/usasos-design/asos-design-rib-fitted-corset-top-with-ultra-wide-neck-in-white/prd/20886266?colourwayid=60097165
95,20886267,ASOS DESIGN square neck top with ruched bust in lilac,"{'current': {'value': 19.0, 'text': '$19.00'}, 'previous': {'value': None, 'text': ''}, 'rrp': {'value': None, 'text': ''}, 'isMarkedDown': False, 'isOutletPrice': False, 'currency': 'USD'}",,60097157,ASOS DESIGN,False,False,,1757426,Product,asos-design/asos-design-square-neck-top-with-ruched-bust-in-lilac/prd/20886267?colourwayid=60097157,images.asos-media.com/products/asos-design-square-neck-top-with-ruched-bust-in-lilac/20886267-1-lilac,,False,www.asos.com/usasos-design/asos-design-square-neck-top-with-ruched-bust-in-lilac/prd/20886267?colourwayid=60097157
96,20916467,ASOS DESIGN tie front super crop in black,"{'current': {'value': 23.0, 'text': '$23.00'}, 'previous': {'value': None, 'text': ''}, 'rrp': {'value': None, 'text': ''}, 'isMarkedDown': False, 'isOutletPrice': False, 'currency': 'USD'}",,60099365,ASOS DESIGN,False,False,,1759643,Product,asos-design/asos-design-tie-front-super-crop-in-black/prd/20916467?colourwayid=60099365,images.asos-media.com/products/asos-design-tie-front-super-crop-in-black/20916467-1-black,,True,www.asos.com/usasos-design/asos-design-tie-front-super-crop-in-black/prd/20916467?colourwayid=60099365
97,20942520,Missguided puff sleeve milkmaid top in black,"{'current': {'value': 23.0, 'text': '$23.00'}, 'previous': {'value': None, 'text': ''}, 'rrp': {'value': None, 'text': ''}, 'isMarkedDown': False, 'isOutletPrice': False, 'currency': 'USD'}",,60128144,Missguided,False,False,,1761725,Product,missguided/missguided-puff-sleeve-milkmaid-top-in-black/prd/20942520?colourwayid=60128144,images.asos-media.com/products/missguided-puff-sleeve-milkmaid-top-in-black/20942520-1-black,,False,www.asos.com/usmissguided/missguided-puff-sleeve-milkmaid-top-in-black/prd/20942520?colourwayid=60128144
98,20969435,Daisy Street Plus relaxed t-shirt with Nirvana print,"{'current': {'value': 32.0, 'text': '$32.00'}, 'previous': {'value': None, 'text': ''}, 'rrp': {'value': None, 'text': ''}, 'isMarkedDown': False, 'isOutletPrice': False, 'currency': 'USD'}",,60130468,Daisy Street Plus,False,False,,1763941,Product,daisy-street-plus/daisy-street-plus-relaxed-t-shirt-with-nirvana-print/prd/20969435?colourwayid=60130468,images.asos-media.com/products/daisy-street-plus-relaxed-t-shirt-with-nirvana-print/20969435-1-black,,True,www.asos.com/usdaisy-street-plus/daisy-street-plus-relaxed-t-shirt-with-nirvana-print/prd/20969435?colourwayid=60130468
99,20988900,ASOS DESIGN cropped t-shirt with ruched sides in black,"{'current': {'value': 16.0, 'text': '$16.00'}, 'previous': {'value': None, 'text': ''}, 'rrp': {'value': None, 'text': ''}, 'isMarkedDown': False, 'isOutletPrice': False, 'currency': 'USD'}",,60131966,ASOS DESIGN,False,False,,1765509,Product,asos-design/asos-design-cropped-t-shirt-with-ruched-sides-in-black/prd/20988900?colourwayid=60131966,images.asos-media.com/products/asos-design-cropped-t-shirt-with-ruched-sides-in-black/20988900-1-black,,True,www.asos.com/usasos-design/asos-design-cropped-t-shirt-with-ruched-sides-in-black/prd/20988900?colourwayid=60131966
